Workbook

Sheet Summary
B2: AeroJobs test report
B3: Live site https://aerojobs.work with 10 real employers. Tested 5 October 2026; re-tested after the owner's filter bug report.
B5: Results (re-test after fixes)
B6: Test group | C6: Total | D6: Pass | E6: Fail | F6: Not tested / skipped
B7: Website tests (unique test cases) | C7: =COUNTA('Test cases'!A2:A37) -> 36 | D7: =COUNTIF('Test cases'!M2:M37,"Pass") -> 35 | E7: =COUNTIF('Test cases'!M2:M37,"Fail") -> 1 | F7: =COUNTIF('Test cases'!M2:M37,"Skip") -> 0
B8: Website test runs (each browser and device) | C8: =COUNTA('Test cases'!G2:L37)-COUNTIF('Test cases'!G2:L37,"N/A") -> 117 | D8: =COUNTIF('Test cases'!G2:L37,"Pass") -> 116 | E8: =COUNTIF('Test cases'!G2:L37,"Fail") -> 1 | F8: =COUNTIF('Test cases'!G2:L37,"Skip") -> 0
B9: Security and penetration tests | C9: =COUNTA('Security tests'!A2:A30) -> 29 | D9: =COUNTIF('Security tests'!F2:F30,"Pass") -> 28 | E9: =COUNTIF('Security tests'!F2:F30,"Fail") -> 0 | F9: =COUNTIF('Security tests'!F2:F30,"Not tested") -> 1
B10: Automated code tests (run on every update) | C10: 20 | D10: 20 | E10: 0 | F10: 0 | G10: Fetcher, readers, filters data, site build, unsafe links
B11: Defects found | C11: =COUNTA(Defects!A2:A13) -> 12 | D11: =COUNTIF(Defects!G2:G13,"Fixed")+COUNTIF(Defects!G2:G13,"Closed") -> 7 | E11: =COUNTIF(Defects!G2:G13,"Open") -> 0 | F11: =C11-D11-E11 -> 5 | G11: Pass column = fixed or closed; Fail = still open; last column = partly fixed, known, planned or owner decision
B13: What was tested
B14: Browsers and devices | C14: Chrome, Firefox and Safari's engine (WebKit) on desktop; Pixel 7 (Android), iPhone 13 and a 390px Firefox phone
B15: Test types | C15: Functional, black box, end to end, responsive/phone, accessibility basics, speed, SEO and AdSense readiness, security and penetration
B16: Pages and flows | C16: Home, search, every filter, sorting, Show more, job pages, Apply links, employer/country/role pages, guides, legal pages, 404, phone menu and filter panel
B17: Expected results | C17: Worked out from the site's own live job list, so counts are checked exactly against real data
B18: Data | C18: 3,598 live jobs from 10 real employers in 42 countries
B19: Not tested | C19: Flood/DDoS attacks (would attack Cloudflare); real iPhone/Android hardware (emulated devices used)
B21: Decisions needed from you
B22: 1. Honeywell and RTX list many non-aviation jobs. Keep them, drop Honeywell, or filter to aerospace units? (DEF-09)
B23: 2. Turn on AI role sorting? Needs an Anthropic API key with a $5 monthly limit, added as a GitHub secret. (DEF-05)
B24: 3. Cloudflare Web Analytics: keep, or switch off if you'll use Google Analytics? (DEF-07)
B25: 4. Next employers: build SuccessFactors and Taleo readers to add JetBlue, Ryanair, Qatar Airways and easyJet? (DEF-11)
B27: Tabs: Test cases · Security tests · Defects · Employers (10) · Employers not used · Data quality

Sheet Test cases
A1: Test ID | B1: Area | C1: Test type | D1: What is tested | E1: Steps | F1: Expected result | G1: Chrome desktop | H1: Chrome Android (Pixel 7) | I1: Firefox desktop | J1: Firefox phone | K1: Safari engine desktop | L1: Safari iPhone 13 | M1: Result (re-test) | N1: First run | O1: Actual result
A2: TC-NAV-01 | B2: Navigation | C2: Functional | D2: Home page loads with headline and job count | E2: Open the home page | F2: HTTP 200, headline shown, job count equals live data | G2: Pass | H2: N/A | I2: Pass | J2: N/A | K2: Pass | L2: N/A | M2: =IF(COUNTIF(G2:L2,"Fail")>0,"Fail",IF(COUNTIF(G2:L2,"Pass")>0,"Pass","Skip")) -> Pass | N2: Pass | O2: HTTP 200, headline shown, 3598 jobs listed (matches data)
A3: TC-NAV-02 | B3: Navigation | C3: Functional | D3: Header links and logo | E3: Click Employers, Countries, Guides, then the logo | F3: Each opens its page; logo returns home | G3: Pass | H3: N/A | I3: Pass | J3: N/A | K3: Pass | L3: N/A | M3: =IF(COUNTIF(G3:L3,"Fail")>0,"Fail",IF(COUNTIF(G3:L3,"Pass")>0,"Pass","Skip")) -> Pass | N3: Pass | O3: Employers, Countries, Guides open the right pages; logo returns home
A4: TC-NAV-03 | B4: Navigation | C4: Functional | D4: Role quick-filter chips | E4: Open each of the 8 role chips | F4: Each role page loads | G4: Pass | H4: N/A | I4: Pass | J4: N/A | K4: Pass | L4: N/A | M4: =IF(COUNTIF(G4:L4,"Fail")>0,"Fail",IF(COUNTIF(G4:L4,"Pass")>0,"Pass","Skip")) -> Pass | N4: Pass | O4: All 8 role chips open their role page (HTTP 200)
A5: TC-NAV-04 | B5: Navigation | C5: Functional | D5: Footer pages (About, Contact, Privacy, Terms) | E5: Open each footer page | F5: Pages load with the required content | G5: Pass | H5: N/A | I5: Pass | J5: N/A | K5: Pass | L5: N/A | M5: =IF(COUNTIF(G5:L5,"Fail")>0,"Fail",IF(COUNTIF(G5:L5,"Pass")>0,"Pass","Skip")) -> Pass | N5: Pass | O5: About, Contact (email shown), Privacy (mentions Google ads), Terms all load
A6: TC-NAV-05 | B6: Navigation | C6: Black box | D6: Unknown address shows a 404 page | E6: Open a made-up address | F6: HTTP 404 and a friendly page | G6: Pass | H6: N/A | I6: Pass | J6: N/A | K6: Pass | L6: N/A | M6: =IF(COUNTIF(G6:L6,"Fail")>0,"Fail",IF(COUNTIF(G6:L6,"Pass")>0,"Pass","Skip")) -> Pass | N6: Pass | O6: HTTP 404 with the friendly 'left the gate' page and a link back
A7: TC-NAV-06 | B7: Navigation | C7: End to end | D7: No broken internal links | E7: Follow every internal link from the home page | F7: No link returns an error | G7: Pass | H7: N/A | I7: Pass | J7: N/A | K7: Pass | L7: N/A | M7: =IF(COUNTIF(G7:L7,"Fail")>0,"Fail",IF(COUNTIF(G7:L7,"Pass")>0,"Pass","Skip")) -> Pass | N7: Pass | O7: Crawled 700 pages and files; no broken internal links
A8: TC-SRCH-01 | B8: Search | C8: Functional | D8: Search by job title (case-insensitive) | E8: Type a common title word in capitals, click Search jobs | F8: Only matching jobs; count equals data | G8: Pass | H8: Pass | I8: Pass | J8: Pass | K8: Pass | L8: Pass | M8: =IF(COUNTIF(G8:L8,"Fail")>0,"Fail",IF(COUNTIF(G8:L8,"Pass")>0,"Pass","Skip")) -> Pass | N8: Pass | O8: Search 'ENGINEER' (upper case) found 1203 jobs, matching the data; case-insensitive
A9: TC-SRCH-02 | B9: Search | C9: Functional | D9: Search by employer name with Enter key | E9: Type an employer name, press Enter | F9: Only that employer's jobs | G9: Pass | H9: N/A | I9: Pass | J9: N/A | K9: Pass | L9: N/A | M9: =IF(COUNTIF(G9:L9,"Fail")>0,"Fail",IF(COUNTIF(G9:L9,"Pass")>0,"Pass","Skip")) -> Pass | N9: Pass | O9: Search 'RTX (Collins Aerospace, Pratt & Whitney)' with Enter key found 602 jobs, matching the data
A10: TC-SRCH-03 | B10: Search | C10: Black box | D10: No results and clearing the search | E10: Type nonsense, then clear the box | F10: 'No jobs match' message; clearing restores all | G10: Pass | H10: N/A | I10: Pass | J10: N/A | K10: Pass | L10: N/A | M10: =IF(COUNTIF(G10:L10,"Fail")>0,"Fail",IF(COUNTIF(G10:L10,"Pass")>0,"Pass","Skip")) -> Pass | N10: Pass | O10: No-match search shows the 'No jobs match' message; clearing it restores all jobs
A11: TC-FLT-01 | B11: Filters | C11: Functional | D11: Country and region filter | E11: Pick the busiest country, then its region | F11: Counts equal the data | G11: Pass | H11: N/A | I11: Pass | J11: N/A | K11: Pass | L11: N/A | M11: =IF(COUNTIF(G11:L11,"Fail")>0,"Fail",IF(COUNTIF(G11:L11,"Pass")>0,"Pass","Skip")) -> Pass | N11: Pass | O11: Country US: 1754 jobs; region North America: 1887 jobs; both match the data
A12: TC-FLT-02 | B12: Filters | C12: Functional | D12: Job role filter | E12: Pick each role in turn | F12: Counts equal the data | G12: Pass | H12: Pass | I12: Pass | J12: Pass | K12: Pass | L12: Pass | M12: =IF(COUNTIF(G12:L12,"Fail")>0,"Fail",IF(COUNTIF(G12:L12,"Pass")>0,"Pass","Skip")) -> Pass | N12: Pass | O12: Each role matches the data: cargo-logistics=66, corporate=2151, customer-service-sales=108, engineering-maintenance=1240, flight-operations=17, ground-operations=9, pilots=7
A13: TC-FLT-03 | B13: Filters | C13: Functional | D13: Work mode filter (single and combined) | E13: Tick On-site, Hybrid, Remote one at a time, then two together | F13: Counts equal the data | G13: Pass | H13: N/A | I13: Pass | J13: N/A | K13: Pass | L13: N/A | M13: =IF(COUNTIF(G13:L13,"Fail")>0,"Fail",IF(COUNTIF(G13:L13,"Pass")>0,"Pass","Skip")) -> Pass | N13: Pass | O13: Single modes On-site=3266, Hybrid=252, Remote=80; Hybrid+Remote together = 332
... A37: TC-MOB-06 | B37: Phones | C37: Functional | D37: Tap targets big enough | E37: Measure buttons and chips | F37: At least 36px tall | G37: N/A | H37: Pass | I37: N/A | J37: Pass | K37: N/A | L37: Pass | M37: =IF(COUNTIF(G37:L37,"Fail")>0,"Fail",IF(COUNTIF(G37:L37,"Pass")>0,"Pass","Skip")) -> Pass | N37: Pass | O37: Buttons, chips and menus are at least 36px tall

Sheet Security tests
A1: Test ID | B1: Area | C1: What is tested | D1: Attack or method | E1: Expected result | F1: Result (re-test) | G1: First run | H1: Severity if failed | I1: Actual result
A2: SEC-01 | B2: Transport | C2: Plain http redirects to https | D2: Request http:// | E2: Redirect to https | F2: Pass | G2: Pass | H2: - | I2: HTTP 301 -> https://aerojobs.work/
A3: SEC-02 | B3: Transport | C3: HSTS header | D3: Read response headers | E3: max-age of at least 6 months | F3: Pass | G3: Pass | H3: - | I3: max-age=31536000; includeSubDomains
A4: SEC-03 | B4: Transport | C4: Old TLS versions refused | D4: Connect with TLS 1.0 and 1.1 | E4: Both refused | F4: Pass | G4: Pass | H4: - | I4: TLS 1.0 refused, TLS 1.1 refused
A5: SEC-04 | B5: Transport | C5: Valid TLS certificate | D5: Verify the certificate chain | E5: Trusted and in date | F5: Pass | G5: Pass | H5: - | I5: valid, issued to aerojobs.work, expires Jan 3 09:21:33 2027 GMT, TLSv1.3
A6: SEC-05 | B6: Security headers | C6: content-security-policy header | D6: Read response headers | E6: Contains 'frame-ancestors' | F6: Pass | G6: Pass | H6: - | I6: default-src 'self' https: data:; script-src 'self' 'unsafe-inline' https:; style-src 'self' 'unsafe-inline' https:; img-src 'self' https: data:; object-src 'none'; base-uri 'self'; form-action 'self'; frame-ancestors 'self'; upgrade-insecure-requests
A7: SEC-06 | B7: Security headers | C7: x-frame-options header | D7: Read response headers | E7: Contains 'SAMEORIGIN' | F7: Pass | G7: Pass | H7: - | I7: SAMEORIGIN
A8: SEC-07 | B8: Security headers | C8: x-content-type-options header | D8: Read response headers | E8: Contains 'nosniff' | F8: Pass | G8: Pass | H8: - | I8: nosniff
A9: SEC-08 | B9: Security headers | C9: referrer-policy header | D9: Read response headers | E9: Contains 'strict-origin' | F9: Pass | G9: Pass | H9: - | I9: strict-origin-when-cross-origin
A10: SEC-09 | B10: Security headers | C10: permissions-policy header | D10: Read response headers | E10: Contains 'camera=()' | F10: Pass | G10: Pass | H10: - | I10: camera=(), microphone=(), geolocation=(), payment=(), usb=()
A11: SEC-10 | B11: Information disclosure | C11: No software version leaks in headers | D11: Read response headers | E11: No X-Powered-By and similar | F11: Pass | G11: Pass | H11: - | I11: Server: cloudflare; no technology leaks
A12: SEC-11 | B12: Session | C12: No cookies or logins to steal | D12: Check Set-Cookie | E12: None set | F12: Pass | G12: Pass | H12: - | I12: No cookies set by the site itself
... A30: SEC-29 | B30: Software supply chain | C30: Automation steps pinned and limited | D30: Review the GitHub workflows | E30: Third-party steps pinned to exact versions; minimal permissions; inputs passed safely | F30: Pass | G30: Pass | H30: - | I30: All third-party steps pinned to exact commit IDs; workflows only get 'contents' and 'issues' write access; Dependabot watches for updates

Sheet Defects
A1: Defect ID | B1: Found by | C1: Severity | D1: Problem | E1: Details | F1: What was done | G1: Status | H1: Re-test
A2: DEF-01 | B2: Functional test TC-PAGE-01 | C2: High | D2: 'Show more jobs' button never disappears | E2: The button stayed on screen even after every job was shown, because a style rule overrode the page's 'hidden' setting. | F2: Added a site-wide rule so anything the page hides stays hidden. | G2: Fixed | H2: Pass
A3: DEF-02 | B3: Phone test TC-MOB-01 / TC-FLT-02 | C3: High | D3: On phones, page became wider than the screen after filtering | E3: After choosing a filter, the sort menu grew wider than a 412px phone screen. The page zoomed out and pushed the 'Show jobs' button off the bottom of the screen. | F3: Sort menu now shrinks to fit on all phones and tablets; filter labels can no longer widen the panel. Test extended to check the button stays on screen. | G3: Fixed | H3: Pass
A4: DEF-03 | B4: Security test SEC-25 | C4: Medium | D4: Job text from employers could add markup to Google's job data | E4: Job titles were placed in Google's JobPosting description without escaping, so hostile text from an employer site could insert HTML into Google's listing. | F4: All < > & characters in Google's job data are now escaped, and the description text is escaped. | G4: Fixed | H4: Pass
A5: DEF-04 | B5: Data check after first real fetch | C5: High | D5: 44% of real jobs had no country, so the Country filter missed them | E5: Employers write locations in many styles: company codes (US-GA-MACON-…), 'Toulouse Area', or just a town name. | F5: Added reading of company location codes and a worldwide town list (GeoNames, towns of 5,000+ people), preferring the employer's home country when a town name exists in several countries. | G5: Fixed | H5: Pass
A6: DEF-05 | B6: Data check after first real fetch | C6: Medium | D6: Many jobs fell into 'Corporate' because titles were unclear or not in English | E6: Rules only knew English words, and manufacturing roles (assembly, CNC, welding) had no group. | F6: Added German, French and Spanish trade words and manufacturing roles to Engineering and MRO. Remaining unclear titles still default to Corporate; turning on AI sorting (Anthropic key with a $5 limit) would sort them properly. | G6: Partly fixed | H6: See Data quality
A7: DEF-06 | B7: Visual check of live screenshots | C7: Medium | D7: RTX job locations showed raw internal codes | E7: Locations appeared as 'IN-KA-BENGALURU-BLDG 1 ~ Hitech, Defence & Aerospace Park ~ …'. | F7: Coded locations are now shown as 'Bengaluru, India'. 13 older jobs keep the old text until their next update. | G7: Fixed | H7: Pass
A8: DEF-07 | B8: Browser test TC-JS-01 (Safari engine) | C8: Low | D8: Cloudflare's own visitor-analytics script is blocked in Safari | E8: Cloudflare automatically adds a Web Analytics script (/cdn-cgi/rum). Safari blocks its report, which shows as console errors. Visitors see no difference. | F8: Owner choice: turn off Web Analytics for the aerojobs project in Cloudflare if Google Analytics will be used instead, or ignore. | G8: Known issue | H8: Fail
A9: DEF-08 | B9: Security test SEC-22 | C9: Low | D9: Clickjacking check reported a failure in the first run (test issue, not a site issue) | E9: The first run counted Chrome's 'refused to connect' error page as the site loading inside another site's frame. The site was protected all along. | F9: Test corrected to check the frame's real content and the headers received. Re-test confirms the browser refuses to show AeroJobs inside other sites (X-Frame-Options SAMEORIGIN, CSP frame-ancestors 'self'). | G9: Closed | H9: Pass
A10: DEF-12 | B10: Owner (black-box test) | C10: High | D10: Filter counts did not update when other filters were selected | E10: Steps: tick Remote, open Country. India still showed (225), its total, although it has no remote jobs. The counts were fixed when the site was built. | F10: Every count next to country, region, role, posted date, employer type and the work-mode buttons is now recalculated from the other active filters; choices with 0 jobs are greyed out. New test TC-FLT-08 repeats the reported steps. | G10: Fixed | H10: Pass
A11: DEF-09 | B11: Data review | C11: Medium | D11: Some employers post many non-aviation jobs | E11: Honeywell (building tech, IT, HVAC) and RTX (Raytheon defence) list jobs outside aviation. | F11: Owner choice: keep, drop Honeywell, or add a per-employer filter that keeps only aerospace business units (can be built). | G11: Owner decision | H11: -
A12: DEF-10 | B12: Capacity review | C12: Low | D12: Free hosting limit of 20,000 files per site | E12: Each job is one page. Today: 3,668 files. At roughly 19,000 jobs the site would hit Cloudflare's free limit; the job list download is 1.2 MB (185 KB compressed). | F12: Cap kept at 600 jobs per employer while testing. Before growing past about 15,000 jobs, change job pages to be generated on demand (Cloudflare Functions, still free). | G12: Planned | H12: -
A13: DEF-11 | B13: Coverage review | C13: Medium | D13: Few airline jobs in this first set of 10 employers | E13: Most airlines either forbid automated reading in their robots.txt (American, Delta, KLM, Qantas, IndiGo, flydubai, Alaska, Etihad, Wizz Air) or use systems not yet supported (SuccessFactors, Taleo, iCIMS). Only 7 pilot jobs and 0 cabin crew jobs today. | F13: Next: add SuccessFactors and Taleo readers (JetBlue, Ryanair, Qatar Airways, easyJet) and run the .aero directory tool. | G13: Planned | H13: -

Sheet Employers (10)
A1: Employer | B1: Type | C1: Head office | D1: Hiring system | E1: Live jobs | F1: Jobs with country | G1: % with country | H1: Countries | I1: Role unclear (Corporate by default) | J1: % unclear | K1: Jobs with closing date | L1: Apply link check
A2: Airbus | B2: Manufacturer | C2: France | D2: Workday | E2: 610 | F2: 560 | G2: =IF(E2=0,0,F2/E2) -> 0.91803279 | H2: 23 | I2: 285 | J2: =IF(E2=0,0,I2/E2) -> 0.46721311 | K2: 71 | L2: Pass
A3: Boeing | B3: Manufacturer | C3: United States | D3: Workday | E3: 600 | F3: 535 | G3: =IF(E3=0,0,F3/E3) -> 0.89166667 | H3: 17 | I3: 107 | J3: =IF(E3=0,0,I3/E3) -> 0.17833333 | K3: 300 | L3: Pass
A4: RTX (Collins Aerospace, Pratt & Whitney) | B4: Manufacturer | C4: United States | D4: Workday | E4: 602 | F4: 578 | G4: =IF(E4=0,0,F4/E4) -> 0.96013289 | H4: 15 | I4: 166 | J4: =IF(E4=0,0,I4/E4) -> 0.27574751 | K4: 73 | L4: Pass
A5: GE Aerospace | B5: Manufacturer | C5: United States | D5: Workday | E5: 518 | F5: 429 | G5: =IF(E5=0,0,F5/E5) -> 0.82818533 | H5: 21 | I5: 150 | J5: =IF(E5=0,0,I5/E5) -> 0.28957529 | K5: 84 | L5: Pass
A6: Rolls-Royce | B6: Manufacturer | C6: United Kingdom | D6: Workday | E6: 479 | F6: 448 | G6: =IF(E6=0,0,F6/E6) -> 0.93528184 | H6: 16 | I6: 184 | J6: =IF(E6=0,0,I6/E6) -> 0.38413361 | K6: 110 | L6: Pass
A7: Honeywell | B7: Manufacturer | C7: United States | D7: Oracle Recruiting Cloud | E7: 600 | F7: 600 | G7: =IF(E7=0,0,F7/E7) -> 1 | H7: 33 | I7: 252 | J7: =IF(E7=0,0,I7/E7) -> 0.42 | K7: 0 | L7: Pass
A8: Archer Aviation | B8: Manufacturer (eVTOL) | C8: United States | D8: Greenhouse | E8: 148 | F8: 144 | G8: =IF(E8=0,0,F8/E8) -> 0.97297297 | H8: 4 | I8: 23 | J8: =IF(E8=0,0,I8/E8) -> 0.15540541 | K8: 0 | L8: Pass
A9: Skyryse | B9: Manufacturer (flight tech) | C9: United States | D9: Greenhouse | E9: 19 | F9: 19 | G9: =IF(E9=0,0,F9/E9) -> 1 | H9: 1 | I9: 3 | J9: =IF(E9=0,0,I9/E9) -> 0.15789474 | K9: 0 | L9: Pass
A10: Virgin Atlantic | B10: Airline | C10: United Kingdom | D10: Oracle Recruiting Cloud | E10: 5 | F10: 5 | G10: =IF(E10=0,0,F10/E10) -> 1 | H10: 1 | I10: 2 | J10: =IF(E10=0,0,I10/E10) -> 0.4 | K10: 0 | L10: Pass
A11: Heathrow Airport | B11: Airport | C11: United Kingdom | D11: Oracle Recruiting Cloud | E11: 17 | F11: 17 | G11: =IF(E11=0,0,F11/E11) -> 1 | H11: 1 | I11: 10 | J11: =IF(E11=0,0,I11/E11) -> 0.58823529 | K11: 0 | L11: Pass
A12: Total | E12: =SUM(E2:E11) -> 3598 | F12: =SUM(F2:F11) -> 3335 | G12: =IF(E12=0,0,F12/E12) -> 0.92690384 | I12: =SUM(I2:I11) -> 1182 | J12: =IF(E12=0,0,I12/E12) -> 0.32851584 | K12: =SUM(K2:K11) -> 638
A14: Jobs capped at 600 per employer per run while testing. Live data as of the re-test run on 5 Oct 2026.

Sheet Employers not used
A1: Employer | B1: Hiring system tried | C1: Why not switched on
A2: Honeywell | B2: workday | C2: Address guessed for the test was refused (HTTP 422/401)
A3: Bombardier | B3: workday | C3: Address guessed for the test was refused (HTTP 422/401)
A4: Spirit AeroSystems | B4: workday | C4: Address guessed for the test was refused (HTTP 422/401)
A5: Textron Aviation | B5: workday | C5: Address guessed for the test was refused (HTTP 422/401)
A6: Embraer | B6: workday | C6: Address guessed for the test was refused (HTTP 422/401)
A7: AAR | B7: workday | C7: Address guessed for the test was refused (HTTP 422/401)
A8: Alaska Airlines | B8: workday | C8: Address guessed for the test was refused (HTTP 422/401)
A9: Air Canada | B9: workday | C9: Address guessed for the test was refused (HTTP 422/401)
A10: Qantas | B10: workday | C10: Address guessed for the test does not exist (HTTP 404)
A11: easyJet | B11: workday | C11: Address guessed for the test was refused (HTTP 422/401)
A12: Heathrow Airport | B12: workday | C12: Address guessed for the test was refused (HTTP 422/401)
... A41: United, Southwest, Air Canada, Emirates, British Airways, Lufthansa, Cathay, Air NZ | B41: careers page | C41: Jobs load by script; hiring system not visible from the page yet

Sheet Data quality
A1: Measure | B1: First fetch | C1: After fixes | D1: Change | E1: % of jobs (after) | F1: Note
A2: Live jobs | B2: 3584 | C2: 3598 | D2: =C2-B2 -> 14 | F2: Count of jobs on the site
A3: Jobs with a country | B3: 2016 | C3: 3335 | D3: =C3-B3 -> 1319 | E3: =IF($C$2=0,0,C3/$C$2) -> 0.92690384 | F3: Needed for the Country filter (DEF-04)
A4: Countries covered | B4: 41 | C4: 42 | D4: =C4-B4 -> 1
A5: Jobs whose role was unclear (put in Corporate) | B5: 1440 | C5: 1182 | D5: =C5-B5 -> -258 | E5: =IF($C$2=0,0,C5/$C$2) -> 0.32851584 | F5: DEF-05
A6: Jobs in Engineering and MRO | B6: 960 | C6: 1240 | D6: =C6-B6 -> 280 | E6: =IF($C$2=0,0,C6/$C$2) -> 0.34463591
A7: Jobs showing coded locations (~) | B7: 532 | C7: 13 | D7: =C7-B7 -> -519 | E7: =IF($C$2=0,0,C7/$C$2) -> 0.0036131184 | F7: DEF-06
A8: Jobs with a closing date | B8: 375 | C8: 638 | D8: =C8-B8 -> 263 | E8: =IF($C$2=0,0,C8/$C$2) -> 0.17732073 | F8: Employers often don't publish one
A9: Jobs with an exact posting date | B9: 3229 | C9: 3387 | D9: =C9-B9 -> 158 | E9: =IF($C$2=0,0,C9/$C$2) -> 0.94135631 | F9: Others show 'First seen' date
